{"cameraMode":{"drawMode":0,"name":"Shaded","section":"Shading Mode"},"sceneLighting":false,"audioPlay":false,"sceneViewState":{"m_AlwaysRefresh":false,"showFog":true,"showSkybox":false,"showFlares":true,"showImageEffects":true,"showParticleSystems":true,"showVisualEffectGraphs":true,"m_FxEnabled":true},"in2DMode":false,"pivot":{"x":10.0600004196167,"y":-0.09416016191244126,"z":-3.7254908084869386},"rotation":{"x":-0.3646094501018524,"y":-0.005882984027266502,"z":0.002306415233761072,"w":-0.9311704039573669},"size":0.08660262823104859,"orthographic":false}