{"cameraMode":{"drawMode":0,"name":"Shaded","section":"Shading Mode"},"sceneLighting":false,"audioPlay":false,"sceneViewState":{"m_AlwaysRefresh":false,"showFog":true,"showSkybox":false,"showFlares":true,"showImageEffects":true,"showParticleSystems":true,"showVisualEffectGraphs":true,"m_FxEnabled":true},"in2DMode":false,"pivot":{"x":-0.03250938653945923,"y":2.5326485633850099,"z":-2.2894034385681154},"rotation":{"x":-0.3593989312648773,"y":-0.07017997652292252,"z":0.02715541236102581,"w":-0.9301828742027283},"size":2.7272849082946779,"orthographic":false}