{"cameraMode":{"drawMode":0,"name":"Shaded","section":"Shading Mode"},"sceneLighting":true,"audioPlay":false,"sceneViewState":{"m_AlwaysRefresh":false,"showFog":true,"showSkybox":true,"showFlares":true,"showImageEffects":true,"showParticleSystems":true,"showVisualEffectGraphs":true,"m_FxEnabled":true},"in2DMode":false,"pivot":{"x":517.3546752929688,"y":188.44886779785157,"z":289.37078857421877},"rotation":{"x":-0.03629705682396889,"y":-0.015892038121819497,"z":0.0005773677257820964,"w":-0.9992163777351379},"size":360.5551452636719,"orthographic":false}